<?xml version="1.1" encoding="UTF-8" standalone="yes"?>
<addon id="plugin.video.247hd" name="247HD.tv" version="1.2.0" provider-name="247HD">
    <requires>
        <import addon="xbmc.python" version="3.0.0"/>
		<import addon="script.common.plugin.cache" version="2.6.3"/>	
		<import addon="service.xbmc.xmllink" version="0.7.0"/>
    </requires>
    <extension point="xbmc.python.pluginsource" library="default.py">
        <provides>video</provides>
    </extension>
	<extension point="xbmc.service" library="service.py" start="startup" />
    <extension point="xbmc.addon.metadata">
        <summary lang="en">247HD Sports</summary>
        <description lang="en">Get all your Live sports here</description>
        <disclaimer lang="en"></disclaimer>
        <language>en</language>
        <platform>all</platform>
        <license>GPL-2.0-or-later</license>
        <source>http://github.com/you/plugin.addon.id</source>
        <news>v1.2.0 (17/01/2023)
          [new] Migration to Kodi 20.0
        </news>
        <assets>
            <icon>resources/empty.png</icon>
            <fanart>resources/fanart.jpg</fanart>
        </assets>
    </extension>
</addon>